"#","Media","MIX"
"1","Dainik Jagran","30.250"
"2","NDTV","25.000"
"3","Dainik Bhaskar","24.800"
"4","CNN Editions (International)","12.800"
"5","CNN","12.000"
"6","Times of India","12.000"
"7","Aajtak TV","9.000"
"8","Rajasthan Patrika","7.400"
"9","Dina Thanthi","7.000"
"10","Eenadu","6.750"
"11","Times Now","6.000"
"12","ddinews","5.600"
"13","IBN live","5.500"
"14","WALL STREET JOURNAL USA","5.500"
"15","Amar Ujala","5.400"
"16","Punjab Kesari","5.000"
"17","Dinamalar","5.000"
"18","Dinakaran","5.000"
"19","Anandabazar Patrika","5.000"
"20","zee news","4.800"
"","More Media >>",""
