No.,"Name","Feet","Met","Grid Ref","Area","\?","Trips"
1,"Scafell Pike","3209","978","NY215072","S Fells","8","123456"
2,"Sca Fell","3163","964","NY206064","S Fells","6","1234"
3,"Helvellyn","3117","950","NY342151","E Fells","4","1"
4,"Skiddaw","3054","931","NY260290","N Fells","3","1"
5,"Great End","2986","910","NY226083","S Fells","9","1234567"
6,"Bow Fell","2959","902","NY244064","S Fells","6","1234"
7,"Great Gable","2949","899","NY211103","W Fells","5","123"
8,"Pillar","2927","892","NY171121","W Fells","9","1234"
9,"Nethermost Pike","2923","891","NY343142","E Fells","4","1"
10,"Catstye Cam","2920","890","NY348158","E Fells","2",""
11,"Esk Pike","2904","885","NY236075","S Fells","8","12345"
12,"Raise","2897","883","NY342174","E Fells","5","12"
13,"Fairfield","2864","873","NY358117","E Fells","4","1"
14,"Blencathra","2848","868","NY323277","N Fells","4","12"
15,"Skiddaw Little Man","2838","865","NY266277","N Fells","3","1"
16,"White Side","2831","863","NY337166","E Fells","4","1"
17,"Crinkle Crags","2818","859","NY248048","S Fells","5","1234"
18,"Dollywaggon Pike","2815","858","NY346130","E Fells","4","1"
19,"Great Dodd","2812","857","NY341205","E Fells","5","12"
20,"Grasmoor","2795","852","NY174203","NW Fells","4","12"
21,"Stybarrow Dodd","2766","843","NY343189","E Fells","5","12"
22,"St Sunday Crag","2759","841","NY369134","E Fells","3","1"
23,"Scoat Fell","2759","841","NY159113","W Fells","9","123456"
24,"Crag Hill (Eel Crag)","2753","839","NY192203","NW Fells","5","12"
25,"High Street","2717","828","NY440110","Far E Fells","11","1234567"
26,"Red Pike (Wasdale)","2710","826","NY165106","W Fells","4","12"
27,"Hart Crag","2697","822","NY368112","E Fells","5","12"
28,"Steeple","2687","819","NY157116","W Fells","3","1"
29,"Lingmell","2648","807","NY209081","S Fells","3","12"
30,"High Stile","2648","807","NY170148","W Fells","5","123"
31,"The Old Man of Coniston","2635","803","SD272978","S Fells","6","1234"
32,"High Raise (Far E Fells)","2631","802","NY448134","Far E Fells","6","1234"
33,"Swirl How","2631","802","NY272005","S Fells","5","1234"
34,"Kirk Fell","2631","802","NY194104","W Fells","4","12"
35,"Green Gable","2628","801","NY214107","W Fells","4","12"
36,"Haycock","2615","797","NY144107","W Fells","8","123456"
37,"Brim Fell","2612","796","SD270985","S Fells","5","1234"
38,"Dove Crag","2598","792","NY374104","E Fells","5","12"
39,"Rampsgill Head","2598","792","NY442128","Far E Fells","6","1234"
40,"Grisedale Pike","2595","791","NY198225","NW Fells","4","12"
41,"Watson\'s Dodd","2589","789","NY335195","E Fells","4","1"
42,"Great Carrs","2575","785","NY270008","S Fells","4","123"
43,"Allen Crags","2575","785","NY236085","S Fells","12","123456789"
44,"Thornthwaite Crag","2572","784","NY431100","Far E Fells","7","1234"
45,"Glaramara","2569","783","NY246104","S Fells","9","123456"
46,"Kidsty Pike","2559","780","NY447125","Far E Fells","4","123"
47,"Dow Crag","2552","778","SD262977","S Fells","3","1"
48,"Harter Fell (Far E Fells)","2552","778","NY459093","Far E Fells","7","1234"
49,"Red Screes","2546","776","NY396087","E Fells","3","1"
50,"Grey Friar","2536","773","NY259003","S Fells","3","12"
51,"Sail","2536","773","NY198202","NW Fells","3","12"
52,"Wandope","2533","772","NY188197","NW Fells","3","1"
53,"Hopegill Head","2526","770","NY185221","NW Fells","5","1"
54,"Great Rigg","2513","766","NY355103","E Fells","2",""
55,"Stony Cove Pike (Caudale Moor)","2503","763","NY417100","Far E Fells","4","12"
56,"Wetherlam","2503","763","NY288011","S Fells","4","123"
57,"Slight Side","2500","762","NY210050","S Fells","2","1"
58,"High Raise (C Fells)","2500","762","NY280095","C Fells","8","1234567"
59,"Mardale Ill Bell","2493","760","NY448101","Far E Fells","5","1233"
60,"Ill Bell","2484","757","NY436077","Far E Fells","3","12"
61,"Hart Side","2480","756","NY359197","E Fells","3",""
62,"Red Pike (Buttermere)","2477","755","NY160154","W Fells","5","123"
63,"Dale Head","2470","753","NY223153","NW Fells","8","123456"
64,"Carl Side","2448","746","NY255280","N Fells","2","1"
65,"High Crag","2441","744","NY180140","W Fells","5","123"
66,"The Knott","2425","739","NY437127","Far E Fells","2","1"
67,"Robinson","2418","737","NY201168","NW Fells","6","1234"
68,"Sergeant Man","2415","736","NY286089","C Fells","4","123"
69,"Harrison Stickle","2415","736","NY281074","C Fells","4","123"
70,"Seat Sandal","2415","736","NY343115","E Fells","2","1"
71,"Long Side","2408","734","NY248284","N Fells","2","1"
72,"Kentmere Pike","2395","730","NY465077","Far E Fells","5","123"
73,"Hindscarth","2385","727","NY215165","NW Fells","6","1234"
74,"Clough Head","2382","726","NY333225","E Fells","5","12"
75,"Ullscarf","2382","726","NY291121","C Fells","3","1"
76,"Thunacar Knott","2372","723","NY279079","C Fells","10","123456789"
77,"Froswick","2362","720","NY435085","Far E Fells","5","123"
78,"Birkhouse Moor","2356","718","NY363159","E Fells","1",""
79,"Lonscale Fell","2346","715","NY285271","N Fells","2","1"
80,"Brandreth","2346","715","NY214119","W Fells","5","1234"
81,"Branstree","2339","713","NY477100","Far E Fells","6","12"
82,"Knott","2329","710","NY296329","N Fells","4","1"
83,"Pike of Stickle","2326","709","NY273073","C Fells","1",""
84,"Whiteside","2320","707","NY170219","NW Fells","3",""
85,"Yoke","2316","706","NY437067","Far E Fells","4","123"
86,"Pike of Blisco","2313","705","NY271042","S Fells","4","123"
87,"Bowscale Fell","2303","702","NY333305","N Fells","3","12"
88,"Cold Pike","2300","701","NY262035","S Fells","4","123"
89,"Pavey Ark","2297","700","NY284079","C Fells","5","123"
90,"Gray Crag","2293","699","NY427117","Far E Fells","3",""
91,"Grey Knotts","2287","697","NY217125","W Fells","4","123"
92,"Caw Fell","2287","697","NY131109","W Fells","7","1234"
93,"Rest Dodd","2283","696","NY432137","Far E Fells","2","1"
94,"Seatallan","2270","692","NY139084","W Fells","4","12"
95,"Ullock Pike","2264","690","NY244288","N Fells","2","1"
96,"Great Calva","2264","690","NY290311","N Fells","3","1"
97,"Bannerdale Crags","2241","683","NY335290","N Fells","3","12"
98,"Loft Crag","2231","680","NY277071","C Fells","1",""
99,"Sheffield Pike","2215","675","NY369181","E Fells","2",""
100,"Bakestall","2208","673","NY266307","N Fells","1",""
101,"Scar Crags","2205","672","NY208206","NW Fells","3","12"
102,"Loadpot Hill","2201","671","NY456181","Far E Fells","2",""
103,"Wether Hill","2198","670","NY455167","Far E Fells","2",""
104,"Tarn Crag","2178","664","NY488078","Far E Fells","4","12"
105,"Carrock Fell","2175","663","NY341336","N Fells","3","1"
106,"Whiteless Pike","2165","660","NY180189","NW Fells","3",""
107,"High Pike (N Fells)","2159","658","NY318350","N Fells","3","1"
108,"Place Fell","2156","657","NY405169","Far E Fells","5","12"
109,"High Pike (Scandale)","2152","656","NY374088","E Fells","1",""
110,"Selside Pike","2149","655","NY490111","Far E Fells","6","12"
111,"Harter Fell (S Fells)","2146","654","SD218997","S Fells","6","12345"
112,"Middle Dodd","2146","654","NY397096","E Fells","1",""
113,"High Spy","2142","653","NY234162","NW Fells","6","123"
114,"Great Sca Fell","2136","651","NY291339","N Fells","1",""
115,"Rossett Pike","2136","651","NY249075","S Fells","4","123"
116,"Fleetwith Pike","2126","648","NY205141","W Fells","5","123"
117,"Base Brown","2119","646","NY225114","W Fells","2","1"
118,"Grey Crag","2093","638","NY497072","Far E Fells","4","12"
119,"Causey Pike","2090","637","NY218208","NW Fells","3","12"
120,"Little Hart Crag","2090","637","NY387100","E Fells","3","1"
121,"Starling Dodd","2077","633","NY141157","W Fells","4","12"
122,"Mungrisdale Common","2077","633","NY311293","N Fells","1",""
123,"Yewbarrow","2057","627","NY173084","W Fells","3","1"
124,"Birks","2041","622","NY380143","E Fells","3","1"
125,"Hartsop Dodd","2028","618","NY411118","Far E Fells","2",""
126,"Great Borne","2021","616","NY123163","W Fells","5","12"
127,"Heron Pike","2008","612","NY356083","E Fells","2",""
128,"Illgill Head","1998","609","NY169049","S Fells","6","12345"
129,"High Seat","1995","608","NY287180","C Fells","1",""
130,"Seathwaite Fell (Wainwright top)","1972","601","NY229102","S Fells","1",""
131,"Haystacks","1959","597","NY194132","W Fells","6","1234"
132,"Bleaberry Fell","1936","590","NY286195","C Fells","1",""
133,"Shipman Knotts","1926","587","NY473062","Far E Fells","3","12"
134,"Brae Fell","1923","586","NY289351","N Fells","1",""
135,"Middle Fell","1909","582","NY151072","W Fells","3","12"
136,"Ard Crags","1906","581","NY207198","NW Fells","3","12"
137,"The Nab","1890","576","NY434152","Far E Fells","1",""
138,"Maiden Moor","1886","575","NY237182","NW Fells","3","1"
139,"Blake Fell","1880","573","NY110196","W Fells","3","1"
140,"Sergeant?s Crag","1873","571","NY274113","C Fells","1",""
141,"Hartsop Above How","1870","570","NY385121","E Fells","2","1"
142,"Outerside","1864","568","NY211215","NW Fells","1",""
143,"Angletarn Pikes","1860","567","NY414148","Far E Fells","1",""
144,"Brock Crags","1841","561","NY418136","Far E Fells","1",""
145,"Knott Rigg","1824","556","NY197187","NW Fells","3","12"
146,"Steel Fell","1814","553","NY320111","C Fells","4","1"
147,"Lord\'s Seat","1811","552","NY204265","NW Fells","2",""
148,"Rosthwaite Fell - Bessyboot","1808","551","NY258125","S Fells","1",""
149,"Tarn Crag (Easedale)","1804","550","NY304093","C Fells","3","1"
150,"Meal Fell","1804","550","NY283337","N Fells","1",""
151,"Hard Knott","1801","549","NY231023","S Fells","5","1234"
152,"Blea Rigg","1775","541","NY301078","C Fells","5","123"
153,"Lank Rigg","1775","541","NY092119","W Fells","3","1"
154,"Calf Crag","1762","537","NY301104","C Fells","5","12"
155,"Great Mell Fell","1762","537","NY396253","E Fells","1",""
156,"Whin Rigg","1755","535","NY152034","S Fells","3","12"
157,"Arthur?s Pike","1749","533","NY461207","Far E Fells","1",""
158,"Gavel Fell","1726","526","NY117184","W Fells","3","1"
159,"Great Cockup","1726","526","NY273333","N Fells","1",""
160,"Eagle Crag","1722","525","NY276121","C Fells","1",""
161,"Bonscale Pike","1719","524","NY453200","Far E Fells","1",""
162,"Souther Fell","1713","522","NY355291","N Fells","1",""
163,"Crag Fell","1706","520","NY097143","W Fells","3","12"
164,"High Hartsop Dodd","1703","519","NY393107","E Fells","1",""
165,"Whinlatter","1696","517","NY191251","NW Fells","1",""
166,"Sallows","1693","516","NY436040","Far E Fells","4","123"
167,"High Tove","1690","515","NY288166","C Fells","3","1"
168,"Mellbreak","1680","512","NY148186","W Fells","5","1"
169,"Broom Fell","1677","511","NY195271","NW Fells","2",""
170,"Beda Fell","1670","509","NY429171","Far E Fells","1",""
171,"Hen Comb","1670","509","NY132181","W Fells","1",""
172,"Low Pike","1667","508","NY373078","E Fells","1",""
173,"Little Mell Fell","1657","505","NY423240","E Fells","1",""
174,"Dodd","1647","502","NY245273","N Fells","1",""
175,"Stone Arthur","1640","500","NY347092","E Fells","1",""
176,"Green Crag","1604","489","SD200982","S Fells","4","12"
177,"Baystones (Wansfell)","1601","488","NY403051","Far E Fells","1",""
178,"Grike","1594","486","NY085141","W Fells","1",""
179,"Sour Howes","1585","483","NY426031","Far E Fells","1",""
180,"Longlands Fell","1585","483","NY276354","N Fells","1",""
181,"Gowbarrow Fell","1578","481","NY407218","E Fells","2",""
182,"Armboth Fell","1572","479","NY298157","C Fells","1",""
183,"Burnbank Fell","1558","475","NY110209","W Fells","3","1"
184,"Lingmoor Fell","1539","469","NY302046","S Fells","5","1234"
185,"Barf","1535","468","NY214267","NW Fells","3",""
186,"Raven Crag","1512","461","NY303188","C Fells","1",""
187,"Barrow","1493","455","NY227218","NW Fells","1",""
188,"Graystones","1483","452","NY176266","NW Fells","1",""
189,"Cat Bells","1480","451","NY244199","NW Fells","5","123"
190,"Nab Scar","1476","450","NY356073","E Fells","1",""
191,"Great Crag","1476","450","NY270147","C Fells","1",""
192,"Binsey","1467","447","NY225355","N Fells","1",""
193,"Glenridding Dodd","1450","442","NY380175","E Fells","1",""
194,"Arnison Crag","1421","433","NY393150","E Fells","2","1"
195,"Steel Knotts","1417","432","NY440182","Far E Fells","1",""
196,"Low Fell","1388","423","NY137226","W Fells","2",""
197,"Gibson Knott","1378","420","NY317100","C Fells","3","1"
198,"Fellbarrow","1365","416","NY132242","W Fells","1",""
199,"Grange Fell","1362","415","NY264162","C Fells","1",""
200,"Buckbarrow","1329","405","NY136061","W Fells","1",""
201,"Helm Crag","1299","396","NY327093","C Fells","3","1"
202,"Silver How","1296","395","NY325066","C Fells","2","1"
203,"Hallin Fell","1273","388","NY433198","Far E Fells","1",""
204,"Walla Crag","1234","376","NY277213","C Fells","2",""
205,"Ling Fell","1224","373","NY179286","NW Fells","1",""
206,"Latrigg","1204","367","NY279247","N Fells","1",""
207,"Troutbeck Tongue","1194","364","NY422064","Far E Fells","1",""
208,"High Rigg","1171","357","NY308219","C Fells","2",""
209,"Sale Fell","1165","355","NY195297","NW Fells","1",""
210,"Rannerdale Knotts","1165","355","NY167183","NW Fells","2",""
211,"Loughrigg Fell","1099","335","NY347051","C Fells","2","1"
212,"Black Fell","1060","323","NY340016","S Fells","1",""
213,"Holme Fell","1040","317","NY315006","S Fells","1",""
214,"Castle Crag","978","298","NY249159","NW Fells","1",""
